{"loss": [0.7029750347137451, 0.6681228280067444, 0.6404126286506653, 0.5838983058929443, 0.5275481343269348, 0.4862028658390045], "accuracy": [0.4972067177295685, 0.6424580812454224, 0.6536312699317932, 0.7122905254364014, 0.7597765326499939, 0.7849162220954895], "val_loss": [0.6856412887573242, 0.6901770830154419, 0.6991629600524902, 0.6986611485481262, 0.887571394443512, 0.9345718622207642], "val_accuracy": [0.5555555820465088, 0.5222222208976746, 0.5777778029441833, 0.5888888835906982, 0.5444444417953491, 0.5]}