{"loss": [0.6952601671218872, 0.6598262190818787, 0.6301581859588623, 0.5809041857719421, 0.5130866765975952, 0.5150051116943359], "accuracy": [0.5139665007591248, 0.6061452627182007, 0.6452513933181763, 0.7094972133636475, 0.7541899681091309, 0.751396656036377], "val_loss": [0.7272611856460571, 0.7635529637336731, 0.8088953495025635, 0.862304151058197, 0.8203480243682861, 1.0496572256088257], "val_accuracy": [0.4333333373069763, 0.4000000059604645, 0.4333333373069763, 0.4888888895511627, 0.5333333611488342, 0.46666666865348816]}