{"loss": [0.6932743191719055, 0.6603434681892395, 0.6207559108734131, 0.5331167578697205, 0.4777209460735321, 0.42809969186782837], "accuracy": [0.5195530652999878, 0.6229050159454346, 0.6955307126045227, 0.7541899681091309, 0.7877094745635986, 0.8240223526954651], "val_loss": [0.7030044794082642, 0.7137532830238342, 0.7233656048774719, 0.7534749507904053, 0.8622693419456482, 0.8020263910293579], "val_accuracy": [0.5555555820465088, 0.5555555820465088, 0.5555555820465088, 0.6000000238418579, 0.6111111044883728, 0.5888888835906982]}