{"loss": [0.6960669159889221, 0.6754043102264404, 0.6663434505462646, 0.6200213432312012, 0.5705428123474121, 0.5395860075950623, 0.4947357475757599, 0.42574575543403625, 0.38964301347732544], "accuracy": [0.5083798766136169, 0.6117318272590637, 0.6256983280181885, 0.6899441480636597, 0.7290502786636353, 0.751396656036377, 0.7905027866363525, 0.826815664768219, 0.8435754179954529], "val_loss": [0.6728856563568115, 0.6775605082511902, 0.6685401797294617, 0.6204890608787537, 0.6813836097717285, 0.7266620993614197, 0.8640801310539246, 0.9498752355575562, 0.933683454990387], "val_accuracy": [0.6222222447395325, 0.6222222447395325, 0.6111111044883728, 0.6666666865348816, 0.5777778029441833, 0.5888888835906982, 0.5777778029441833, 0.5888888835906982, 0.6111111044883728]}