{"loss": [0.6925128102302551, 0.6588485240936279, 0.613262951374054, 0.5468993186950684, 0.507556676864624, 0.49033141136169434, 0.44008031487464905], "accuracy": [0.5459610223770142, 0.6378830075263977, 0.7325905561447144, 0.7688022255897522, 0.7743732333183289, 0.796657383441925, 0.8189415335655212], "val_loss": [0.686759889125824, 0.6597793698310852, 0.6869186162948608, 0.7581885457038879, 0.7032365798950195, 0.8417416214942932, 0.757908284664154], "val_accuracy": [0.5444444417953491, 0.6222222447395325, 0.5666666626930237, 0.5555555820465088, 0.644444465637207, 0.5444444417953491, 0.644444465637207]}