{"loss": [33.048728942871094, 16.381389617919922, 4.486469745635986, 4.508579730987549, 2.6197383403778076, 2.6013600826263428, 2.9626224040985107, 5.379829406738281, 1.7412852048873901, 1.4991062879562378, 0.5889161229133606, 0.4754122793674469], "accuracy": [0.47096773982048035, 0.603225827217102, 0.8032258152961731, 0.8032258152961731, 0.8548387289047241, 0.8806451559066772, 0.7838709950447083, 0.8161290287971497, 0.8580645322799683, 0.85161292552948, 0.8935483694076538, 0.9580644965171814], "val_loss": [7.126688003540039, 8.435981750488281, 6.639211177825928, 7.350656986236572, 5.84091329574585, 6.744754791259766, 4.3900651931762695, 5.934520721435547, 5.009937286376953, 6.051659107208252, 6.255618572235107, 6.221578121185303], "val_accuracy": [0.7820512652397156, 0.5897436141967773, 0.692307710647583, 0.6153846383094788, 0.807692289352417, 0.692307710647583, 0.7564102411270142, 0.692307710647583, 0.7435897588729858, 0.6794871687889099, 0.7435897588729858, 0.7564102411270142]}