{"loss": [0.8627118468284607, 0.6318763494491577, 0.6282921433448792, 0.6026451587677002, 0.5897526741027832, 0.5661883354187012], "accuracy": [0.6699232459068298, 0.7069085836410522, 0.7229588031768799, 0.7271458506584167, 0.7320306897163391, 0.7452896237373352], "val_loss": [0.5601159930229187, 0.5786023736000061, 0.5855908393859863, 0.5932725071907043, 0.5774375796318054, 0.588674008846283], "val_accuracy": [0.7910863757133484, 0.7632312178611755, 0.777158796787262, 0.7715877294540405, 0.7799443006515503, 0.7576601505279541]}