{"loss": [0.6876538991928101, 0.6601424217224121, 0.6355539560317993, 0.6143763065338135, 0.5792453289031982, 0.533268392086029, 0.4964613616466522, 0.46137213706970215], "accuracy": [0.5571030378341675, 0.6434540152549744, 0.6852367520332336, 0.7019498348236084, 0.7186629772186279, 0.7688022255897522, 0.8050139546394348, 0.8300835490226746], "val_loss": [0.6754291653633118, 0.6703984141349792, 0.6490617394447327, 0.6740927696228027, 0.7425996661186218, 0.6974949240684509, 0.6929555535316467, 0.7795751690864563], "val_accuracy": [0.5888888835906982, 0.644444465637207, 0.6555555462837219, 0.6666666865348816, 0.5777778029441833, 0.644444465637207, 0.644444465637207, 0.6222222447395325]}