{"loss": [0.706436276435852, 0.6441311240196228, 0.6193395256996155, 0.579021155834198, 0.5264328718185425, 0.4771450161933899], "accuracy": [0.5, 0.6452513933181763, 0.6955307126045227, 0.7262569665908813, 0.7681564092636108, 0.8072625994682312], "val_loss": [0.6958295106887817, 0.7477182149887085, 0.7556158304214478, 0.7478147149085999, 0.7570550441741943, 0.7935869693756104], "val_accuracy": [0.5444444417953491, 0.4444444477558136, 0.4444444477558136, 0.5444444417953491, 0.5666666626930237, 0.5555555820465088]}