{"loss": [0.6920787692070007, 0.6429039835929871, 0.6181778907775879, 0.5913553833961487, 0.5771920680999756, 0.5143250823020935, 0.4927899241447449, 0.48420292139053345, 0.42297232151031494], "accuracy": [0.5363128781318665, 0.6564245820045471, 0.6871508359909058, 0.7234637141227722, 0.7262569665908813, 0.7709497213363647, 0.7877094745635986, 0.7625698447227478, 0.826815664768219], "val_loss": [0.7296202182769775, 0.7404781579971313, 0.6992865204811096, 0.6936171650886536, 0.7027642130851746, 0.7103576064109802, 0.7191112041473389, 0.7325489521026611, 0.8439200520515442], "val_accuracy": [0.42222222685813904, 0.4555555582046509, 0.5111111402511597, 0.5444444417953491, 0.5777778029441833, 0.5777778029441833, 0.5666666626930237, 0.5444444417953491, 0.5222222208976746]}