{"loss": [0.6965681314468384, 0.6956726908683777, 0.6944733262062073, 0.6923765540122986, 0.6876911520957947, 0.6774864196777344, 0.6473200917243958, 0.5916889309883118, 0.49064499139785767, 0.418539434671402, 0.3372737765312195, 0.27748140692710876, 0.26306989789009094], "accuracy": [0.46648043394088745, 0.5, 0.4972067177295685, 0.5139665007591248, 0.6256983280181885, 0.7318435907363892, 0.8519552946090698, 0.8575419187545776, 0.9134078025817871, 0.9189944267272949, 0.9525139927864075, 0.9608938694000244, 0.9525139927864075], "val_loss": [0.6942287683486938, 0.6953980326652527, 0.6963136196136475, 0.6954123377799988, 0.6916180849075317, 0.6800193786621094, 0.6571646332740784, 0.6192324757575989, 0.6231387257575989, 0.6682252883911133, 0.6926755309104919, 0.7156113386154175, 0.7435427904129028], "val_accuracy": [0.3444444537162781, 0.3444444537162781, 0.3444444537162781, 0.4000000059604645, 0.5333333611488342, 0.6333333253860474, 0.6333333253860474, 0.6222222447395325, 0.6000000238418579, 0.6111111044883728, 0.6111111044883728, 0.6333333253860474, 0.6777777671813965]}