{"loss": [0.7002012133598328, 0.6986045241355896, 0.6966587901115417, 0.692504346370697, 0.6834705471992493, 0.6604421734809875, 0.621115505695343, 0.5606555342674255, 0.4675647020339966, 0.3809071481227875, 0.3051556944847107, 0.24097014963626862, 0.19943377375602722, 0.16910386085510254], "accuracy": [0.5307262539863586, 0.5363128781318665, 0.5530726313591003, 0.5949720740318298, 0.6648044586181641, 0.751396656036377, 0.7849162220954895, 0.8435754179954529, 0.8994413614273071, 0.9273743033409119, 0.9469273686408997, 0.9525139927864075, 0.9525139927864075, 0.9608938694000244], "val_loss": [0.6950684189796448, 0.6956127882003784, 0.6949031352996826, 0.6936758160591125, 0.6855916380882263, 0.668972373008728, 0.6446020007133484, 0.6281993985176086, 0.6150584816932678, 0.6249670386314392, 0.6164315342903137, 0.6180960536003113, 0.6174941658973694, 0.651692271232605], "val_accuracy": [0.3333333432674408, 0.3444444537162781, 0.46666666865348816, 0.5111111402511597, 0.5, 0.5444444417953491, 0.5888888835906982, 0.6111111044883728, 0.6333333253860474, 0.6555555462837219, 0.6666666865348816, 0.6777777671813965, 0.6777777671813965, 0.7111111283302307]}