{"loss": [0.677866518497467, 0.6386252045631409, 0.5848903059959412, 0.5339316725730896, 0.5020283460617065, 0.46019265055656433, 0.4360963702201843, 0.39935019612312317, 0.3783847689628601, 0.38638782501220703, 0.3382827937602997, 0.341565877199173, 0.3202359974384308, 0.2796826958656311, 0.2674741744995117, 0.2748945951461792, 0.24898728728294373, 0.216913104057312, 0.17794452607631683, 0.21433454751968384, 0.1789422631263733, 0.1847008764743805, 0.17795605957508087, 0.19701611995697021], "accuracy": [0.5599173307418823, 0.6549586653709412, 0.7128099203109741, 0.7561983466148376, 0.7913222908973694, 0.7954545617103577, 0.8181818127632141, 0.8305785059928894, 0.8429751992225647, 0.8450413346290588, 0.8636363744735718, 0.8698347210884094, 0.8780992031097412, 0.8925619721412659, 0.9008264541625977, 0.89462810754776, 0.9276859760284424, 0.9380165338516235, 0.942148745059967, 0.9235537052154541, 0.9442148804664612, 0.942148745059967, 0.9442148804664612, 0.9359503984451294]}