{"loss": [0.7096640467643738, 0.6718449592590332, 0.6443509459495544, 0.6252237558364868, 0.5993071794509888, 0.5685713291168213, 0.523914098739624, 0.4992767870426178, 0.4418869912624359, 0.4699171781539917, 0.4885195791721344], "accuracy": [0.4776536226272583, 0.6005586385726929, 0.6787709593772888, 0.6899441480636597, 0.7206704020500183, 0.7178770899772644, 0.7737430334091187, 0.7877094745635986, 0.840782105922699, 0.7793295979499817, 0.8212290406227112], "val_loss": [0.7055670022964478, 0.6827202439308167, 0.6676862835884094, 0.6896095275878906, 0.6766161322593689, 0.6313520669937134, 0.6725115180015564, 0.6532880067825317, 0.7625629901885986, 0.6784259080886841, 0.8480987548828125], "val_accuracy": [0.4333333373069763, 0.5222222208976746, 0.5222222208976746, 0.5, 0.5555555820465088, 0.644444465637207, 0.5777778029441833, 0.6222222447395325, 0.5333333611488342, 0.6666666865348816, 0.5444444417953491]}