{"loss": [0.6954296231269836, 0.6940431594848633, 0.6915895938873291, 0.6853153109550476, 0.6693883538246155, 0.632476270198822, 0.567164957523346, 0.48724621534347534, 0.39291831851005554, 0.3229518234729767, 0.2734467089176178, 0.22260479629039764, 0.17842522263526917, 0.14881357550621033], "accuracy": [0.5097492933273315, 0.5598886013031006, 0.6044568419456482, 0.7103064060211182, 0.796657383441925, 0.8272980451583862, 0.8662952780723572, 0.9052924513816833, 0.941504180431366, 0.9637883305549622, 0.9498607516288757, 0.9749303460121155, 0.9832869172096252, 0.9916434288024902], "val_loss": [0.6939919590950012, 0.69459068775177, 0.6944260597229004, 0.684851348400116, 0.6665210127830505, 0.624853789806366, 0.5803390145301819, 0.5562775731086731, 0.5409797430038452, 0.5775057673454285, 0.6439209580421448, 0.6893543601036072, 0.7357584834098816, 0.7979615926742554], "val_accuracy": [0.3333333432674408, 0.42222222685813904, 0.46666666865348816, 0.5333333611488342, 0.5666666626930237, 0.6000000238418579, 0.6555555462837219, 0.6333333253860474, 0.644444465637207, 0.6222222447395325, 0.6222222447395325, 0.6555555462837219, 0.644444465637207, 0.6000000238418579]}