{"loss": [0.6946063041687012, 0.6935669183731079, 0.6916601061820984, 0.6874310970306396, 0.6765797138214111, 0.6502062678337097, 0.5921145677566528, 0.5129001140594482, 0.42990678548812866, 0.3559510409832001, 0.2736334502696991, 0.22593049705028534, 0.1916365772485733, 0.15702927112579346, 0.13825881481170654], "accuracy": [0.5223463773727417, 0.5614525079727173, 0.5921787619590759, 0.6312848925590515, 0.7318435907363892, 0.8100558519363403, 0.8770949840545654, 0.8798882961273193, 0.9301676154136658, 0.9469273686408997, 0.9664804339408875, 0.9804469347000122, 0.9664804339408875, 0.9720670580863953, 0.9804469347000122], "val_loss": [0.6937026381492615, 0.6941245794296265, 0.6928104162216187, 0.6886333227157593, 0.6749875545501709, 0.6424839496612549, 0.5856277346611023, 0.5340872406959534, 0.5218594074249268, 0.5214717388153076, 0.5358185172080994, 0.5513441562652588, 0.5395362973213196, 0.5744425058364868, 0.6230630874633789], "val_accuracy": [0.3888888955116272, 0.3888888955116272, 0.4333333373069763, 0.5, 0.6777777671813965, 0.7444444298744202, 0.7777777910232544, 0.7666666507720947, 0.7555555701255798, 0.7333333492279053, 0.7333333492279053, 0.7444444298744202, 0.7333333492279053, 0.699999988079071, 0.699999988079071]}