{"loss": [0.5687074661254883, 0.5422239303588867, 0.5352668166160583, 0.5264601111412048, 0.5259934067726135, 0.514578104019165, 0.5117150545120239, 0.50404292345047, 0.4948844313621521, 0.499159574508667, 0.5055176615715027, 0.4934069812297821, 0.4815443754196167, 0.4846678674221039, 0.4832349121570587, 0.48148447275161743, 0.4679858386516571, 0.47824543714523315, 0.4835983216762543, 0.4728587567806244, 0.4699763059616089, 0.46318259835243225, 0.45744380354881287, 0.4645906090736389, 0.4503178298473358, 0.45557457208633423, 0.4510687589645386, 0.45284390449523926, 0.4428459703922272, 0.43797099590301514, 0.44086146354675293, 0.4357805550098419, 0.4383978247642517, 0.4329192638397217, 0.43426480889320374, 0.42344459891319275, 0.4277958571910858, 0.41972509026527405, 0.40663066506385803, 0.4134736955165863, 0.4312107563018799, 0.45232221484184265, 0.4265589714050293, 0.4137057662010193, 0.3976920545101166, 0.3883497714996338, 0.4000866711139679, 0.4093060791492462, 0.38177135586738586, 0.3759428858757019], "accuracy": [0.49804797768592834, 0.5532627105712891, 0.5984383821487427, 0.6079196929931641, 0.609592854976654, 0.6497490406036377, 0.648633599281311, 0.6592303514480591, 0.6915783882141113, 0.6871165633201599, 0.6687116622924805, 0.6837702393531799, 0.6982710361480713, 0.697713315486908, 0.7010596990585327, 0.7038483023643494, 0.7255995273590088, 0.7205800414085388, 0.7110987305641174, 0.7239263653755188, 0.7244840860366821, 0.7295036315917969, 0.7339653968811035, 0.7289459109306335, 0.7495816946029663, 0.7518125772476196, 0.7518125772476196, 0.747350811958313, 0.7523703575134277, 0.7735638618469238, 0.7618516683578491, 0.7624093890190125, 0.7635248303413391, 0.7624093890190125, 0.7741215825080872, 0.7713329792022705, 0.7730061411857605, 0.7774679064750671, 0.7908533215522766, 0.7802565693855286, 0.7696598172187805, 0.7267150282859802, 0.7785834074020386, 0.7875069975852966, 0.8170663714408875, 0.8170663714408875, 0.8098159432411194, 0.7964305877685547, 0.8315672278404236, 0.8315672278404236]}