{"loss": [0.6957643032073975, 0.6425689458847046, 0.6253194808959961, 0.5862101316452026, 0.5843698978424072, 0.5288541316986084, 0.5071874260902405, 0.48408401012420654, 0.42607253789901733, 0.4052170515060425, 0.3579269349575043, 0.33553215861320496, 0.3567456305027008, 0.36874666810035706], "accuracy": [0.5474860072135925, 0.6340782046318054, 0.6815642714500427, 0.7346368432044983, 0.6955307126045227, 0.751396656036377, 0.7877094745635986, 0.7737430334091187, 0.840782105922699, 0.8296089172363281, 0.8659217953681946, 0.8798882961273193, 0.8659217953681946, 0.8603351712226868], "val_loss": [0.7406907677650452, 0.7590416669845581, 0.7407432794570923, 0.7394626140594482, 0.7579710483551025, 0.7947970628738403, 0.7817485332489014, 0.7520712018013, 0.7195746302604675, 0.8045035600662231, 0.8116728067398071, 0.9051108360290527, 0.8890312910079956, 0.9063359498977661], "val_accuracy": [0.46666666865348816, 0.4333333373069763, 0.47777777910232544, 0.5333333611488342, 0.5333333611488342, 0.47777777910232544, 0.5222222208976746, 0.5777778029441833, 0.6222222447395325, 0.6111111044883728, 0.6000000238418579, 0.6666666865348816, 0.6555555462837219, 0.644444465637207]}