{"loss": [0.5839389562606812, 0.5444892644882202, 0.5434005856513977, 0.5355276465415955, 0.5307791233062744, 0.5308759808540344, 0.525527834892273, 0.5202618837356567, 0.5137978196144104, 0.5104579329490662, 0.5066920518875122, 0.49807360768318176, 0.500993013381958, 0.4895276427268982, 0.4876385033130646, 0.48064371943473816, 0.4810301959514618, 0.47283172607421875, 0.46612611413002014, 0.46099522709846497, 0.47708073258399963, 0.46725156903266907, 0.4614889621734619, 0.46948155760765076, 0.4627457559108734, 0.4681769609451294, 0.4695141613483429, 0.44748005270957947, 0.45687374472618103, 0.48448529839515686, 0.4691908657550812, 0.4441976845264435, 0.43688318133354187, 0.4429725408554077, 0.4313076138496399, 0.4261198341846466, 0.42350471019744873, 0.4188371002674103, 0.4104817509651184, 0.4372563362121582, 0.4111180603504181, 0.4083694815635681, 0.40271976590156555, 0.3967958688735962, 0.38880252838134766, 0.4004848897457123, 0.3902941644191742, 0.3807377517223358, 0.37659385800361633, 0.365264356136322], "accuracy": [0.5103179216384888, 0.5281651020050049, 0.551031768321991, 0.5610708594322205, 0.5727830529212952, 0.5911879539489746, 0.6029001474380493, 0.6201896071434021, 0.6252091526985168, 0.6441717743873596, 0.6385945081710815, 0.6603457927703857, 0.6597880721092224, 0.6887897253036499, 0.694366991519928, 0.6982710361480713, 0.699386477470398, 0.7233686447143555, 0.7255995273590088, 0.7345231175422668, 0.7027328610420227, 0.7261573076248169, 0.735080897808075, 0.7077523469924927, 0.7367540597915649, 0.7228109240531921, 0.7189068794250488, 0.7629671096801758, 0.7423312664031982, 0.6899051666259766, 0.7339653968811035, 0.7624093890190125, 0.7657557129859924, 0.7640825510025024, 0.7796988487243652, 0.7886224389076233, 0.7858337759971619, 0.7863914966583252, 0.8042386770248413, 0.7585052847862244, 0.7958728671073914, 0.7953150868415833, 0.8025655150413513, 0.8098159432411194, 0.8131623268127441, 0.8098159432411194, 0.8087005019187927, 0.8265476822853088, 0.8282208442687988, 0.8377021551132202]}