{"loss": [0.5785850882530212, 0.5285413265228271, 0.519566535949707, 0.5134503841400146, 0.5110749006271362, 0.5000184774398804, 0.4996751844882965, 0.503505527973175, 0.49188533425331116, 0.49420979619026184, 0.5000588893890381, 0.48056769371032715, 0.47581595182418823, 0.47982388734817505, 0.4800203740596771, 0.46650636196136475, 0.47004738450050354, 0.4565994143486023, 0.45097973942756653, 0.4432559907436371, 0.4407646358013153, 0.4441283941268921, 0.43742427229881287, 0.45360326766967773, 0.4495256245136261, 0.44925418496131897, 0.4382631182670593, 0.43320631980895996, 0.4566832184791565, 0.44625914096832275, 0.43304443359375, 0.42643028497695923, 0.4442574679851532, 0.4302414357662201, 0.417140394449234, 0.41068968176841736, 0.41230088472366333, 0.40574854612350464, 0.4014716148376465, 0.3908799886703491, 0.40421199798583984, 0.4084780514240265, 0.38894423842430115, 0.38978973031044006, 0.3838798701763153, 0.37409669160842896, 0.3766695261001587, 0.39501285552978516, 0.37297964096069336, 0.3644152283668518], "accuracy": [0.4835471212863922, 0.5644171833992004, 0.5978806614875793, 0.6196318864822388, 0.639710009098053, 0.6564416885375977, 0.648633599281311, 0.6564416885375977, 0.6787506937980652, 0.6698271036148071, 0.653653085231781, 0.703290581703186, 0.708310067653656, 0.7071946263313293, 0.6988287568092346, 0.7233686447143555, 0.7228109240531921, 0.7384272217750549, 0.7451199293136597, 0.749023973941803, 0.7417735457420349, 0.7395426630973816, 0.7518125772476196, 0.7384272217750549, 0.7395426630973816, 0.7267150282859802, 0.744004487991333, 0.7629671096801758, 0.7373117804527283, 0.7289459109306335, 0.745677649974823, 0.7573898434638977, 0.7395426630973816, 0.7601784467697144, 0.7763524651527405, 0.7819297313690186, 0.7707752585411072, 0.7930842041969299, 0.7958728671073914, 0.7992191910743713, 0.7953150868415833, 0.7741215825080872, 0.8220859169960022, 0.809258222579956, 0.810931384563446, 0.8215281367301941, 0.8254322409629822, 0.800334632396698, 0.8220859169960022, 0.8321249485015869]}