{"loss": [0.6983340382575989, 0.6963396072387695, 0.6921436786651611, 0.6854141354560852, 0.6680263876914978, 0.6383983492851257, 0.578187882900238, 0.4943230450153351, 0.39378973841667175, 0.317067414522171, 0.24383984506130219, 0.20985037088394165, 0.14806193113327026], "accuracy": [0.5223463773727417, 0.5307262539863586, 0.5586591958999634, 0.5921787619590759, 0.667597770690918, 0.7094972133636475, 0.826815664768219, 0.8994413614273071, 0.9357541799545288, 0.9357541799545288, 0.9553072452545166, 0.9525139927864075, 0.9804469347000122], "val_loss": [0.6954968571662903, 0.6973381042480469, 0.6985391974449158, 0.6981327533721924, 0.6940933465957642, 0.6886852979660034, 0.6826797723770142, 0.6796937584877014, 0.6867868304252625, 0.7152657508850098, 0.6942092180252075, 0.7293235659599304, 0.7548221349716187], "val_accuracy": [0.3333333432674408, 0.3444444537162781, 0.3888888955116272, 0.41111111640930176, 0.46666666865348816, 0.5, 0.5444444417953491, 0.5666666626930237, 0.6000000238418579, 0.5777778029441833, 0.6555555462837219, 0.6333333253860474, 0.6666666865348816]}