{"loss": [0.5889310240745544, 0.5547260642051697, 0.5485423803329468, 0.5436950325965881, 0.5395629405975342, 0.5324356555938721, 0.5255372524261475, 0.5235884785652161, 0.522818386554718, 0.5160408020019531, 0.5174798965454102, 0.5141837000846863, 0.5085495114326477, 0.5081412196159363, 0.5059815049171448, 0.5040262341499329, 0.5054051280021667, 0.493686318397522, 0.48815232515335083, 0.48709604144096375, 0.4775925278663635, 0.4803285598754883, 0.46449169516563416, 0.47104015946388245, 0.46676868200302124, 0.4713526666164398, 0.46267080307006836, 0.46331852674484253, 0.44808652997016907, 0.45375898480415344, 0.4440500736236572, 0.4638330042362213, 0.4426649212837219, 0.47267261147499084, 0.45677894353866577, 0.4520176947116852, 0.44499698281288147, 0.4398191571235657, 0.4463253617286682, 0.44148194789886475, 0.43933603167533875, 0.44195476174354553, 0.4255172610282898, 0.43459346890449524, 0.42785295844078064, 0.43238699436187744, 0.4241389036178589, 0.4190501868724823, 0.42766356468200684, 0.43520742654800415], "accuracy": [0.5315114259719849, 0.5471277236938477, 0.5644171833992004, 0.5839375257492065, 0.5917456746101379, 0.6213050484657288, 0.6162855625152588, 0.6369213461875916, 0.6408254504203796, 0.6441717743873596, 0.6424986124038696, 0.6581149101257324, 0.6681539416313171, 0.6726157069206238, 0.6854434013366699, 0.6809815764427185, 0.6542108058929443, 0.7010596990585327, 0.6932515501976013, 0.7133296132087708, 0.7244840860366821, 0.7138873338699341, 0.735080897808075, 0.7367540597915649, 0.7406581044197083, 0.7300613522529602, 0.7434467077255249, 0.754601240158081, 0.7635248303413391, 0.7523703575134277, 0.7635248303413391, 0.747350811958313, 0.7635248303413391, 0.7133296132087708, 0.7395426630973816, 0.7484662532806396, 0.7590630054473877, 0.7646402716636658, 0.7529280781745911, 0.7651979923248291, 0.7724484205245972, 0.7808142900466919, 0.7925264835357666, 0.7858337759971619, 0.7869492173194885, 0.7796988487243652, 0.7891801595687866, 0.7869492173194885, 0.7824874520301819, 0.7757947444915771]}