{"loss": [0.7057139277458191, 0.6874012351036072, 0.6695058941841125, 0.667243242263794, 0.6518424153327942, 0.6466674208641052, 0.6501830220222473, 0.6357266306877136], "accuracy": [0.5136078000068665, 0.5589671730995178, 0.5861828327178955, 0.5889741778373718, 0.6140962839126587, 0.6245638728141785, 0.6203768253326416, 0.6427075862884521], "val_loss": [0.6867209076881409, 0.681858241558075, 0.6789064407348633, 0.6795545220375061, 0.6889922022819519, 0.6989049911499023, 0.6795604825019836, 0.6949686408042908], "val_accuracy": [0.5598886013031006, 0.5710306167602539, 0.573816180229187, 0.5487465262413025, 0.5264623761177063, 0.5376044511795044, 0.5905292630195618, 0.5877437591552734]}