{"loss": [0.4445198178291321, 0.4004369378089905, 0.4090084731578827, 0.34909331798553467, 0.3628007173538208, 0.3131956160068512], "accuracy": [0.81926029920578, 0.8339148759841919, 0.8248429894447327, 0.8583391308784485, 0.8520585894584656, 0.8834612965583801], "val_loss": [0.44251537322998047, 0.5351777076721191, 0.5173364281654358, 0.5619061589241028, 0.6090264916419983, 0.5850239396095276], "val_accuracy": [0.7994428873062134, 0.7493036389350891, 0.7660167217254639, 0.7604456543922424, 0.7158774137496948, 0.7520891427993774]}