{"loss": [4.420637607574463, 2.838916301727295, 1.4148777723312378, 1.978334903717041, 0.9849992394447327, 0.6782275438308716, 0.5926463603973389, 0.559695303440094, 0.5862411260604858, 0.49910086393356323, 0.5428777933120728, 0.5133447051048279, 0.5387011766433716, 0.49674737453460693, 0.4720151424407959, 0.46913325786590576], "accuracy": [0.7110956311225891, 0.7431960701942444, 0.7529658079147339, 0.7159804701805115, 0.6964410543441772, 0.6762037873268127, 0.6636427044868469, 0.6782972812652588, 0.6838799715042114, 0.7215631604194641, 0.7390090823173523, 0.7480809688568115, 0.7431960701942444, 0.7501744627952576, 0.7480809688568115, 0.7550593018531799], "val_loss": [3.9094765186309814, 3.230916976928711, 2.2986838817596436, 2.351732015609741, 1.279744029045105, 1.0559163093566895, 0.9623239636421204, 0.7793212532997131, 0.8667797446250916, 0.9437081813812256, 0.7287657856941223, 0.8883048892021179, 0.90467369556427, 0.7699862718582153, 0.9163576364517212, 0.976519763469696], "val_accuracy": [0.796657383441925, 0.7827298045158386, 0.7604456543922424, 0.7325905561447144, 0.6963788270950317, 0.688022255897522, 0.6852367520332336, 0.7409470677375793, 0.7465181350708008, 0.7660167217254639, 0.7827298045158386, 0.7688022255897522, 0.7938718795776367, 0.8105849623680115, 0.785515308380127, 0.8022283911705017]}