{"loss": [0.6944718360900879, 0.6933151483535767, 0.6919529438018799, 0.6869834661483765, 0.6744439601898193, 0.6460003852844238, 0.5939688086509705], "accuracy": [0.48882681131362915, 0.5363128781318665, 0.5223463773727417, 0.5782122611999512, 0.6256983280181885, 0.7262569665908813, 0.7849162220954895], "val_loss": [0.6951465010643005, 0.694774866104126, 0.6957248449325562, 0.6979563236236572, 0.7014808654785156, 0.7143675088882446, 0.7551200985908508], "val_accuracy": [0.30000001192092896, 0.3222222328186035, 0.3444444537162781, 0.3777777850627899, 0.41111111640930176, 0.47777777910232544, 0.5222222208976746]}