{"loss": [0.6946284770965576, 0.693910539150238, 0.693432629108429, 0.6918392777442932, 0.6881664395332336, 0.6775097846984863], "accuracy": [0.5167597532272339, 0.4832402169704437, 0.48603352904319763, 0.4944134056568146, 0.5530726313591003, 0.6620111465454102], "val_loss": [0.694101095199585, 0.6961210370063782, 0.6973027586936951, 0.6974710822105408, 0.6976042985916138, 0.695252001285553], "val_accuracy": [0.30000001192092896, 0.30000001192092896, 0.30000001192092896, 0.30000001192092896, 0.3333333432674408, 0.41111111640930176]}