{"loss": [0.6997637748718262, 0.6979247331619263, 0.6955965161323547, 0.691491425037384, 0.6819754838943481, 0.6522544026374817], "accuracy": [0.5139665007591248, 0.5167597532272339, 0.5167597532272339, 0.5167597532272339, 0.5195530652999878, 0.5502793192863464], "val_loss": [0.6964395046234131, 0.6994757652282715, 0.7029712200164795, 0.7060871720314026, 0.7086336016654968, 0.7181558609008789], "val_accuracy": [0.3333333432674408, 0.3333333432674408, 0.3333333432674408, 0.3333333432674408, 0.3333333432674408, 0.35555556416511536]}