{"loss": [0.6963763236999512, 0.6955868601799011, 0.694622814655304, 0.6917494535446167, 0.6858198046684265, 0.6664353013038635, 0.6227045059204102, 0.5402952432632446, 0.4365881085395813, 0.368999719619751, 0.2979867458343506], "accuracy": [0.5195530652999878, 0.4944134056568146, 0.5, 0.5335195660591125, 0.6033519506454468, 0.7039105892181396, 0.7765362858772278, 0.8156424760818481, 0.8687151074409485, 0.9273743033409119, 0.9497206807136536], "val_loss": [0.6948017477989197, 0.6954716444015503, 0.6959238052368164, 0.6955395340919495, 0.6943053603172302, 0.6914146542549133, 0.6997470259666443, 0.7476682066917419, 0.8229783177375793, 0.8777023553848267, 0.8700098395347595], "val_accuracy": [0.3444444537162781, 0.3444444537162781, 0.3444444537162781, 0.3777777850627899, 0.4333333373069763, 0.5222222208976746, 0.5222222208976746, 0.5333333611488342, 0.5222222208976746, 0.5444444417953491, 0.6111111044883728]}