{"loss": [0.6964390277862549, 0.6956638097763062, 0.6949427723884583, 0.6924963593482971, 0.6878594160079956, 0.672985315322876, 0.6319103837013245, 0.5515705943107605, 0.4337276816368103, 0.3153820335865021, 0.2533669173717499, 0.18902522325515747], "accuracy": [0.4972067177295685, 0.5111731886863708, 0.5083798766136169, 0.5251396894454956, 0.5530726313591003, 0.6983240246772766, 0.8603351712226868, 0.8854748606681824, 0.9050279259681702, 0.9636871218681335, 0.9804469347000122, 0.9916201233863831], "val_loss": [0.6944618821144104, 0.694806694984436, 0.6959493160247803, 0.6956828832626343, 0.6950342059135437, 0.6902165412902832, 0.6804417371749878, 0.6825141310691833, 0.7409268021583557, 0.8128849267959595, 0.8686750531196594, 0.8768485188484192], "val_accuracy": [0.3444444537162781, 0.3444444537162781, 0.3444444537162781, 0.3444444537162781, 0.3777777850627899, 0.47777777910232544, 0.5222222208976746, 0.5777778029441833, 0.6000000238418579, 0.6222222447395325, 0.6222222447395325, 0.6555555462837219]}