{"loss": [0.6956689953804016, 0.6951373219490051, 0.6942507028579712, 0.6929049491882324, 0.6882575154304504, 0.6747840046882629], "accuracy": [0.48746517300605774, 0.5097492933273315, 0.5403899550437927, 0.573816180229187, 0.6768802404403687, 0.7910863757133484], "val_loss": [0.6943191289901733, 0.6950780153274536, 0.6953241229057312, 0.6958411931991577, 0.69516921043396, 0.6960099935531616], "val_accuracy": [0.2666666805744171, 0.2666666805744171, 0.2666666805744171, 0.30000001192092896, 0.42222222685813904, 0.4888888895511627]}