{"loss": [0.7000725269317627, 0.698907196521759, 0.6973617672920227, 0.6943488717079163, 0.6864016652107239, 0.6651712656021118], "accuracy": [0.5, 0.5167597532272339, 0.5167597532272339, 0.5167597532272339, 0.5279329419136047, 0.5586591958999634], "val_loss": [0.6964594721794128, 0.6978979110717773, 0.6994425058364868, 0.7014508843421936, 0.702979326248169, 0.7030097246170044], "val_accuracy": [0.3333333432674408, 0.3333333432674408, 0.3333333432674408, 0.3333333432674408, 0.3333333432674408, 0.3444444537162781]}