{"loss": [0.6988971829414368, 0.6976720690727234, 0.695178210735321, 0.6906576156616211, 0.6784936785697937, 0.6520480513572693], "accuracy": [0.505586564540863, 0.5139665007591248, 0.5083798766136169, 0.5139665007591248, 0.5363128781318665, 0.6173184514045715], "val_loss": [0.6944949626922607, 0.6969946026802063, 0.6994791030883789, 0.7011585831642151, 0.7047223448753357, 0.7181715369224548], "val_accuracy": [0.3333333432674408, 0.3333333432674408, 0.3333333432674408, 0.3333333432674408, 0.3777777850627899, 0.4000000059604645]}