{"loss": [0.6956035494804382, 0.6954041123390198, 0.6939354538917542, 0.6915867924690247, 0.6871283650398254, 0.6729720830917358], "accuracy": [0.5292479395866394, 0.49860724806785583, 0.4958217144012451, 0.49860724806785583, 0.5264623761177063, 0.5598886013031006], "val_loss": [0.6931847929954529, 0.6954737901687622, 0.6966509222984314, 0.6974348425865173, 0.7004136443138123, 0.705173134803772], "val_accuracy": [0.4444444477558136, 0.2666666805744171, 0.2666666805744171, 0.2666666805744171, 0.2777777910232544, 0.31111112236976624]}