{"loss": [0.6987180113792419, 0.6975910663604736, 0.6951156854629517, 0.6921448707580566, 0.6835218071937561, 0.6585026979446411], "accuracy": [0.5111731886863708, 0.5083798766136169, 0.5083798766136169, 0.5083798766136169, 0.5083798766136169, 0.5418994426727295], "val_loss": [0.6963405013084412, 0.6987661123275757, 0.7005394101142883, 0.7038077712059021, 0.7048125267028809, 0.7039270401000977], "val_accuracy": [0.3333333432674408, 0.3333333432674408, 0.3333333432674408, 0.3333333432674408, 0.3333333432674408, 0.3444444537162781]}