{"loss": [0.6993297934532166, 0.6591072082519531, 0.6032403707504272, 0.5652714967727661, 0.5157796144485474, 0.49446505308151245, 0.45238324999809265], "accuracy": [0.5139665007591248, 0.6312848925590515, 0.7039105892181396, 0.7234637141227722, 0.7765362858772278, 0.7960894107818604, 0.8016759753227234], "val_loss": [0.6969907879829407, 0.6939969062805176, 0.7240365147590637, 0.7503907680511475, 0.7864961624145508, 0.9138758182525635, 0.9869312047958374], "val_accuracy": [0.5444444417953491, 0.5444444417953491, 0.5333333611488342, 0.5666666626930237, 0.5444444417953491, 0.5111111402511597, 0.5111111402511597]}