{"loss": [0.6866201162338257, 0.6408035755157471, 0.6015540957450867, 0.5412596464157104, 0.47412973642349243, 0.4262146055698395], "accuracy": [0.5571030378341675, 0.6685236692428589, 0.7103064060211182, 0.7409470677375793, 0.7938718795776367, 0.8189415335655212], "val_loss": [0.6749204397201538, 0.7444729208946228, 0.7723277807235718, 0.8015022873878479, 0.8867492079734802, 0.7933207750320435], "val_accuracy": [0.644444465637207, 0.5111111402511597, 0.5888888835906982, 0.5666666626930237, 0.6000000238418579, 0.6666666865348816]}