{"loss": [0.6984694600105286, 0.6969119906425476, 0.6947726607322693, 0.6895095109939575, 0.676270067691803, 0.6501132845878601, 0.5928773283958435, 0.5113157033920288, 0.4106239974498749, 0.33841732144355774, 0.26881954073905945, 0.22649496793746948, 0.18347980082035065, 0.157338947057724], "accuracy": [0.5139665007591248, 0.5139665007591248, 0.5279329419136047, 0.589385449886322, 0.6927374005317688, 0.7821229100227356, 0.840782105922699, 0.8854748606681824, 0.910614550113678, 0.9441340565681458, 0.9692737460136414, 0.9469273686408997, 0.9692737460136414, 0.9776536226272583], "val_loss": [0.6964260339736938, 0.6974344849586487, 0.6978152394294739, 0.6961778998374939, 0.6892706155776978, 0.6791817545890808, 0.6618922352790833, 0.6429603695869446, 0.6365333795547485, 0.6826837062835693, 0.6869001388549805, 0.7598368525505066, 0.7896038293838501, 0.8275167942047119], "val_accuracy": [0.3333333432674408, 0.3333333432674408, 0.4000000059604645, 0.42222222685813904, 0.5, 0.5111111402511597, 0.5111111402511597, 0.5777778029441833, 0.644444465637207, 0.6222222447395325, 0.6555555462837219, 0.6333333253860474, 0.644444465637207, 0.6333333253860474]}