{"loss": [0.7000285983085632, 0.6985980868339539, 0.6967896819114685, 0.6936466693878174, 0.6864086389541626, 0.6708819270133972, 0.6406211853027344, 0.5815291404724121, 0.4956890046596527, 0.40274447202682495, 0.3206859230995178, 0.2584443688392639, 0.21713584661483765, 0.18033142387866974], "accuracy": [0.5251396894454956, 0.5195530652999878, 0.5195530652999878, 0.5363128781318665, 0.5810055732727051, 0.667597770690918, 0.7346368432044983, 0.8156424760818481, 0.8854748606681824, 0.9469273686408997, 0.9497206807136536, 0.9441340565681458, 0.9553072452545166, 0.9553072452545166], "val_loss": [0.6956126689910889, 0.6976367831230164, 0.6993046998977661, 0.6976414322853088, 0.6933623552322388, 0.6806523203849792, 0.6607491374015808, 0.6457425355911255, 0.6310451030731201, 0.6428422927856445, 0.6522110104560852, 0.6691031455993652, 0.7295445799827576, 0.7874179482460022], "val_accuracy": [0.3333333432674408, 0.3333333432674408, 0.3333333432674408, 0.4333333373069763, 0.5333333611488342, 0.5111111402511597, 0.5666666626930237, 0.5777778029441833, 0.5888888835906982, 0.5888888835906982, 0.6555555462837219, 0.6666666865348816, 0.6333333253860474, 0.6333333253860474]}