{"loss": [0.6951084136962891, 0.6933367848396301, 0.6899460554122925, 0.6797872185707092, 0.6568390130996704, 0.6095713973045349, 0.5264731049537659, 0.45838797092437744, 0.38686734437942505, 0.3200960159301758, 0.26544541120529175, 0.23177772760391235, 0.20106910169124603, 0.17255118489265442], "accuracy": [0.5515320301055908, 0.6378830075263977, 0.6740947365760803, 0.7604456543922424, 0.8161559700965881, 0.8662952780723572, 0.8802228569984436, 0.8997214436531067, 0.9359331727027893, 0.9526462554931641, 0.9721448421478271, 0.9749303460121155, 0.9637883305549622, 0.9832869172096252], "val_loss": [0.6941601037979126, 0.6927794814109802, 0.6908100843429565, 0.6793981194496155, 0.6547260880470276, 0.6080346703529358, 0.5751761198043823, 0.5713484287261963, 0.570995569229126, 0.6032056212425232, 0.6531729698181152, 0.6823633909225464, 0.7049024701118469, 0.724822998046875], "val_accuracy": [0.3777777850627899, 0.5111111402511597, 0.5444444417953491, 0.5333333611488342, 0.5777778029441833, 0.6222222447395325, 0.6666666865348816, 0.6555555462837219, 0.6777777671813965, 0.6666666865348816, 0.6222222447395325, 0.6222222447395325, 0.6222222447395325, 0.644444465637207]}