{"loss": [0.6899691224098206, 0.6874653697013855, 0.6688995957374573, 0.6482512354850769, 0.5916261672973633, 0.5429868698120117, 0.5272079706192017, 0.5692583918571472, 0.511353075504303, 0.4603482186794281, 0.40058135986328125, 0.3812597393989563], "accuracy": [0.5139665007591248, 0.5391061305999756, 0.6424580812454224, 0.6508380174636841, 0.6983240246772766, 0.7625698447227478, 0.7737430334091187, 0.7318435907363892, 0.7653631567955017, 0.7988826632499695, 0.8212290406227112, 0.8435754179954529], "val_loss": [0.7048199772834778, 0.6857227087020874, 0.6911917924880981, 0.6651093363761902, 0.6321254968643188, 0.6862074136734009, 0.5268504023551941, 0.7415876388549805, 0.7420666217803955, 0.6987345218658447, 0.8045174479484558, 0.7757805585861206], "val_accuracy": [0.4555555582046509, 0.6111111044883728, 0.5555555820465088, 0.5666666626930237, 0.6555555462837219, 0.6222222447395325, 0.7666666507720947, 0.6333333253860474, 0.6222222447395325, 0.644444465637207, 0.6111111044883728, 0.6555555462837219]}