{"loss": [0.6946216821670532, 0.6934611201286316, 0.6921694874763489, 0.6880092620849609, 0.6795660853385925, 0.6570069789886475, 0.6039857268333435, 0.539400577545166, 0.46552106738090515, 0.38285860419273376, 0.33062031865119934, 0.2622183561325073, 0.21698012948036194, 0.19041354954242706], "accuracy": [0.46648043394088745, 0.6033519506454468, 0.6284916400909424, 0.6955307126045227, 0.74301677942276, 0.8240223526954651, 0.8547486066818237, 0.8826815485954285, 0.8910614252090454, 0.9413408041000366, 0.9469273686408997, 0.9692737460136414, 0.9720670580863953, 0.9776536226272583], "val_loss": [0.6933149695396423, 0.6928748488426208, 0.6919586658477783, 0.6873392462730408, 0.6767401099205017, 0.6475995182991028, 0.5852268934249878, 0.5338064432144165, 0.5141641497612, 0.5357174277305603, 0.5295841693878174, 0.5446204543113708, 0.5802980065345764, 0.6048628091812134], "val_accuracy": [0.4555555582046509, 0.5111111402511597, 0.5555555820465088, 0.644444465637207, 0.7111111283302307, 0.7222222089767456, 0.800000011920929, 0.800000011920929, 0.7666666507720947, 0.7333333492279053, 0.7555555701255798, 0.7555555701255798, 0.7222222089767456, 0.699999988079071]}