{"loss": [0.7017388939857483, 0.6667695641517639, 0.6363852620124817, 0.605941116809845, 0.5383746027946472, 0.47744297981262207], "accuracy": [0.5, 0.6201117038726807, 0.6396648287773132, 0.6843575239181519, 0.7458100318908691, 0.7849162220954895], "val_loss": [0.7073463201522827, 0.7279607057571411, 0.7622607946395874, 0.7826939225196838, 0.8662989139556885, 0.7802063822746277], "val_accuracy": [0.4888888895511627, 0.47777777910232544, 0.47777777910232544, 0.41111111640930176, 0.46666666865348816, 0.6000000238418579]}