{"loss": [0.7022870182991028, 0.6795691251754761, 0.647927463054657, 0.595848023891449, 0.5320814251899719, 0.4743199348449707, 0.4243268072605133, 0.43827226758003235, 0.4054112732410431, 0.36699894070625305, 0.3251660466194153], "accuracy": [0.46648043394088745, 0.5502793192863464, 0.6229050159454346, 0.748603343963623, 0.7458100318908691, 0.8072625994682312, 0.8184357285499573, 0.8379888534545898, 0.8463687300682068, 0.8631284832954407, 0.8770949840545654], "val_loss": [0.7193173170089722, 0.7333922386169434, 0.749444305896759, 0.7947546243667603, 0.6927143335342407, 0.6898194551467896, 1.031386375427246, 0.9084705114364624, 0.9120014905929565, 0.9143058061599731, 0.8046002984046936], "val_accuracy": [0.3444444537162781, 0.3333333432674408, 0.41111111640930176, 0.4444444477558136, 0.6777777671813965, 0.699999988079071, 0.5444444417953491, 0.5888888835906982, 0.5666666626930237, 0.6222222447395325, 0.6333333253860474]}