{"loss": [0.6964564919471741, 0.6956424713134766, 0.6946616768836975, 0.6924237012863159, 0.6871278882026672, 0.6715908646583557, 0.6342766880989075, 0.5694497227668762, 0.4775833189487457, 0.3700511157512665, 0.28194940090179443, 0.20502552390098572, 0.17165906727313995], "accuracy": [0.46927374601364136, 0.5, 0.5083798766136169, 0.5391061305999756, 0.6061452627182007, 0.6871508359909058, 0.8128491640090942, 0.8715083599090576, 0.8994413614273071, 0.9357541799545288, 0.9581005573272705, 0.9748603105545044, 0.9692737460136414], "val_loss": [0.694938063621521, 0.6951018571853638, 0.6956250667572021, 0.6952937841415405, 0.6915848851203918, 0.6841142177581787, 0.6640444397926331, 0.6379516124725342, 0.6383544206619263, 0.6533956527709961, 0.6713057160377502, 0.7112209796905518, 0.7416733503341675], "val_accuracy": [0.3444444537162781, 0.3444444537162781, 0.3888888955116272, 0.4555555582046509, 0.5, 0.5333333611488342, 0.5888888835906982, 0.6111111044883728, 0.6333333253860474, 0.5888888835906982, 0.5777778029441833, 0.6111111044883728, 0.6333333253860474]}