{"loss": [0.696636974811554, 0.6960389614105225, 0.6950064897537231, 0.6928353905677795, 0.687524139881134, 0.6728475689888, 0.6309643387794495, 0.5465472936630249, 0.4253111779689789, 0.32645872235298157, 0.2716531455516815, 0.21759815514087677], "accuracy": [0.505586564540863, 0.5195530652999878, 0.5111731886863708, 0.5083798766136169, 0.5698323845863342, 0.7011173367500305, 0.826815664768219, 0.9273743033409119, 0.9581005573272705, 0.9776536226272583, 0.9776536226272583, 0.9916201233863831], "val_loss": [0.6934689879417419, 0.6940628886222839, 0.6945559978485107, 0.6952047348022461, 0.6948680281639099, 0.690847635269165, 0.6884486675262451, 0.7156241536140442, 0.8157469034194946, 0.9304167032241821, 0.9969053268432617, 1.0579311847686768], "val_accuracy": [0.35555556416511536, 0.3444444537162781, 0.3444444537162781, 0.35555556416511536, 0.3888888955116272, 0.46666666865348816, 0.5111111402511597, 0.5111111402511597, 0.5444444417953491, 0.5666666626930237, 0.5777778029441833, 0.5666666626930237]}