{"loss": [0.6945818662643433, 0.6937674880027771, 0.6928462982177734, 0.6905778646469116, 0.6849682927131653, 0.6686598062515259], "accuracy": [0.4832402169704437, 0.4776536226272583, 0.4804469347000122, 0.48603352904319763, 0.5586591958999634, 0.6843575239181519], "val_loss": [0.6954699754714966, 0.6963497400283813, 0.6977471113204956, 0.6987392902374268, 0.6981676816940308, 0.6963925957679749], "val_accuracy": [0.30000001192092896, 0.30000001192092896, 0.30000001192092896, 0.30000001192092896, 0.3222222328186035, 0.4333333373069763]}