{"loss": [0.6958048939704895, 0.6951020359992981, 0.6943422555923462, 0.6928156018257141, 0.6879372000694275, 0.6756659150123596], "accuracy": [0.47910863161087036, 0.5543175339698792, 0.49860724806785583, 0.4958217144012451, 0.5654596090316772, 0.7130919098854065], "val_loss": [0.6930838823318481, 0.6947975754737854, 0.697389543056488, 0.6987481117248535, 0.6990269422531128, 0.6990908980369568], "val_accuracy": [0.5, 0.2666666805744171, 0.2666666805744171, 0.2666666805744171, 0.30000001192092896, 0.4444444477558136]}