{"loss": [0.6988668441772461, 0.69793301820755, 0.696873664855957, 0.6954807043075562, 0.6910957098007202, 0.6793630719184875], "accuracy": [0.48603352904319763, 0.5083798766136169, 0.5083798766136169, 0.5083798766136169, 0.5083798766136169, 0.5418994426727295], "val_loss": [0.6953920722007751, 0.6969154477119446, 0.6992992758750916, 0.7008393406867981, 0.7028641700744629, 0.7042517066001892], "val_accuracy": [0.3333333432674408, 0.3333333432674408, 0.3333333432674408, 0.3333333432674408, 0.3333333432674408, 0.36666667461395264]}