{"loss": [0.6954682469367981, 0.6947620511054993, 0.6940675973892212, 0.6924240589141846, 0.6883942484855652, 0.681197464466095], "accuracy": [0.4958217144012451, 0.49025070667266846, 0.4958217144012451, 0.49025070667266846, 0.5069637894630432, 0.5459610223770142], "val_loss": [0.6949936747550964, 0.6968658566474915, 0.699714720249176, 0.7018324732780457, 0.7048372030258179, 0.709791898727417], "val_accuracy": [0.2666666805744171, 0.2666666805744171, 0.2666666805744171, 0.2666666805744171, 0.30000001192092896, 0.3444444537162781]}