{"loss": [0.6956197023391724, 0.6947970986366272, 0.6938552856445312, 0.690372109413147, 0.6819682717323303, 0.6592890620231628], "accuracy": [0.4846796691417694, 0.49860724806785583, 0.4958217144012451, 0.5125347971916199, 0.5682451128959656, 0.7019498348236084], "val_loss": [0.6946010589599609, 0.6971133947372437, 0.6977313756942749, 0.6983952522277832, 0.6985364556312561, 0.695310652256012], "val_accuracy": [0.2666666805744171, 0.2666666805744171, 0.2666666805744171, 0.2666666805744171, 0.3222222328186035, 0.46666666865348816]}