{"loss": [0.6965156197547913, 0.6954070925712585, 0.6942065954208374, 0.6903217434883118, 0.6819149255752563, 0.6543466448783875, 0.5893843770027161, 0.48812294006347656, 0.3719964027404785, 0.299785315990448, 0.2312813401222229], "accuracy": [0.4720670282840729, 0.4944134056568146, 0.5139665007591248, 0.5782122611999512, 0.6620111465454102, 0.8184357285499573, 0.8938547372817993, 0.9050279259681702, 0.9581005573272705, 0.9553072452545166, 0.9776536226272583], "val_loss": [0.6955371499061584, 0.6956621408462524, 0.6955773234367371, 0.6950515508651733, 0.6929848194122314, 0.6849684119224548, 0.6854621767997742, 0.7091363072395325, 0.7928662896156311, 0.8692694902420044, 0.929919421672821], "val_accuracy": [0.3444444537162781, 0.3444444537162781, 0.3444444537162781, 0.4000000059604645, 0.4555555582046509, 0.4555555582046509, 0.5444444417953491, 0.6111111044883728, 0.6222222447395325, 0.6000000238418579, 0.6333333253860474]}