{"loss": [0.700363278388977, 0.6990420818328857, 0.697457492351532, 0.694146454334259, 0.6852573156356812, 0.6600110530853271], "accuracy": [0.5083798766136169, 0.5167597532272339, 0.5167597532272339, 0.5167597532272339, 0.5223463773727417, 0.5558659434318542], "val_loss": [0.6953234076499939, 0.6968450546264648, 0.6987224817276001, 0.7007838487625122, 0.7043620944023132, 0.7105915546417236], "val_accuracy": [0.3333333432674408, 0.3333333432674408, 0.3333333432674408, 0.3333333432674408, 0.3333333432674408, 0.3444444537162781]}