{"loss": [0.6945016384124756, 0.6936675906181335, 0.6924179196357727, 0.6890703439712524, 0.6788280010223389, 0.6547332406044006, 0.5895591378211975, 0.4853955805301666, 0.3799862861633301, 0.30211058259010315], "accuracy": [0.4804469347000122, 0.5027933120727539, 0.5223463773727417, 0.5614525079727173, 0.667597770690918, 0.7793295979499817, 0.8770949840545654, 0.9385474920272827, 0.9664804339408875, 0.9776536226272583], "val_loss": [0.6949611902236938, 0.6946241855621338, 0.6954739689826965, 0.6957799196243286, 0.6933181881904602, 0.6936622858047485, 0.7091659307479858, 0.7663150429725647, 0.8559084534645081, 0.9557991623878479], "val_accuracy": [0.30000001192092896, 0.30000001192092896, 0.30000001192092896, 0.3444444537162781, 0.4444444477558136, 0.46666666865348816, 0.5222222208976746, 0.5777778029441833, 0.5555555820465088, 0.5333333611488342]}