{"loss": [0.7001459002494812, 0.6989672183990479, 0.6971246004104614, 0.6947868466377258, 0.6888773441314697, 0.6726042032241821], "accuracy": [0.5083798766136169, 0.5167597532272339, 0.5167597532272339, 0.5167597532272339, 0.5167597532272339, 0.5474860072135925], "val_loss": [0.6953821182250977, 0.6981468796730042, 0.7010577917098999, 0.703468382358551, 0.7060835361480713, 0.7065163254737854], "val_accuracy": [0.3333333432674408, 0.3333333432674408, 0.3333333432674408, 0.3333333432674408, 0.3333333432674408, 0.3444444537162781]}