{"loss": [0.6964164972305298, 0.6956536769866943, 0.6946505904197693, 0.6933490037918091, 0.6897006034851074, 0.6837193369865417], "accuracy": [0.49162012338638306, 0.5223463773727417, 0.49162012338638306, 0.5, 0.5195530652999878, 0.5977653861045837], "val_loss": [0.69413822889328, 0.6955255270004272, 0.696414053440094, 0.6972572803497314, 0.69807368516922, 0.6980111598968506], "val_accuracy": [0.3444444537162781, 0.3444444537162781, 0.3444444537162781, 0.3444444537162781, 0.3333333432674408, 0.4333333373069763]}