{"loss": [0.6985489130020142, 0.6974585056304932, 0.6948772668838501, 0.689963161945343, 0.6728701591491699, 0.6265047192573547], "accuracy": [0.5083798766136169, 0.5083798766136169, 0.5083798766136169, 0.5083798766136169, 0.5167597532272339, 0.583798885345459], "val_loss": [0.6955172419548035, 0.6975681781768799, 0.7004313468933105, 0.7037407755851746, 0.7081241011619568, 0.725395143032074], "val_accuracy": [0.3333333432674408, 0.3333333432674408, 0.3333333432674408, 0.3333333432674408, 0.3333333432674408, 0.4000000059604645]}