{"accuracy": 0.6272321428571429, "precision": 0.5869565217391305, "recall": 0.6521739130434783, "f1_score": 0.6178489702517163}