{"accuracy": 0.22500494281938416, "precision": 0.31571072820018475, "recall": 0.3184600810805305, "f1_score": 0.31034644889878743}