{"accuracy": 0.6116071428571429, "precision": 0.5619335347432024, "recall": 0.8651162790697674, "f1_score": 0.6813186813186813}