{"accuracy": 0.6160714285714286, "precision": 0.5675675675675675, "recall": 0.7924528301886793, "f1_score": 0.6614173228346457}