{"accuracy": 0.20381544188280498, "precision": 0.3018275557695394, "recall": 0.3102964190370984, "f1_score": 0.28856015779092703}