{"accuracy": 0.2540442501802451, "precision": 0.3357384730479978, "recall": 0.33796370163542083, "f1_score": 0.3368438781778192}