{"accuracy": 0.243907536222237, "precision": 0.3899142223749553, "recall": 0.33666043171654625, "f1_score": 0.3417499227806607}