{"accuracy": 0.5867768595041323, "precision": 0.618421052631579, "recall": 0.6911764705882353, "f1_score": 0.6527777777777778}