{"accuracy": 0.765625, "precision": 0.7136363636363636, "recall": 0.7889447236180904, "f1_score": 0.7494033412887828}