{"accuracy": 0.7216035634743875, "precision": 0.654320987654321, "recall": 0.795, "f1_score": 0.7178329571106095}