{"accuracy": 0.8816964285714286, "precision": 0.8715596330275229, "recall": 0.8837209302325582, "f1_score": 0.8775981524249421}