{"accuracy": 0.8638392857142857, "precision": 0.8212765957446808, "recall": 0.910377358490566, "f1_score": 0.8635346756152124}