{"accuracy": 0.9352678571428571, "precision": 0.9427083333333334, "recall": 0.9095477386934674, "f1_score": 0.925831202046036}