{"accuracy": 0.9131403118040089, "precision": 0.896551724137931, "recall": 0.91, "f1_score": 0.9032258064516129}