{"accuracy": 0.8705357142857143, "precision": 0.8781725888324873, "recall": 0.8357487922705314, "f1_score": 0.8564356435643564}