{"accuracy": 0.6169265033407573, "precision": 0.5434782608695652, "recall": 0.875, "f1_score": 0.6704980842911876}