{"accuracy": 0.49330357142857145, "precision": 0.466824644549763, "recall": 0.9899497487437185, "f1_score": 0.6344605475040258}