{"accuracy": 0.45535714285714285, "precision": 0.4492099322799097, "recall": 1.0, "f1_score": 0.6199376947040498}