{"accuracy": 0.7388392857142857, "precision": 0.6470588235294118, "recall": 0.9565217391304348, "f1_score": 0.7719298245614036}