{"accuracy": 0.8392857142857143, "precision": 0.7606177606177607, "recall": 0.9516908212560387, "f1_score": 0.8454935622317596}