{"accuracy": 0.8683035714285714, "precision": 0.8490566037735849, "recall": 0.8695652173913043, "f1_score": 0.8591885441527447}