{"accuracy": 0.8839285714285714, "precision": 0.8654708520179372, "recall": 0.8976744186046511, "f1_score": 0.8812785388127854}