{"accuracy": 0.8928571428571429, "precision": 0.883177570093458, "recall": 0.8915094339622641, "f1_score": 0.8873239436619719}