{"accuracy": 0.609375, "precision": 0.5591715976331361, "recall": 0.8790697674418605, "f1_score": 0.6835443037974683}