{"accuracy": 0.7857142857142857, "precision": 0.8410596026490066, "recall": 0.6381909547738693, "f1_score": 0.7257142857142858}