{"accuracy": 0.6792873051224945, "precision": 0.6359223300970874, "recall": 0.655, "f1_score": 0.645320197044335}