{"accuracy": 0.9196428571428571, "precision": 0.9553072625698324, "recall": 0.8592964824120602, "f1_score": 0.9047619047619048}