{"accuracy": 0.910913140311804, "precision": 0.8883495145631068, "recall": 0.915, "f1_score": 0.9014778325123154}