{"accuracy": 0.8325892857142857, "precision": 0.7991266375545851, "recall": 0.8632075471698113, "f1_score": 0.8299319727891157}