{"accuracy": 0.6986607142857143, "precision": 0.6451612903225806, "recall": 0.7729468599033816, "f1_score": 0.7032967032967034}