{"accuracy": 0.44543429844098, "precision": 0.44543429844098, "recall": 1.0, "f1_score": 0.6163328197226502}