{"accuracy": 0.8549107142857143, "precision": 0.7689393939393939, "recall": 0.9806763285024155, "f1_score": 0.861995753715499}