{"accuracy": 0.7433035714285714, "precision": 0.6390728476821192, "recall": 0.9698492462311558, "f1_score": 0.7704590818363273}