{"accuracy": 0.828125, "precision": 0.7443609022556391, "recall": 0.9565217391304348, "f1_score": 0.8372093023255813}