{"accuracy": 0.4732142857142857, "precision": 0.4732142857142857, "recall": 1.0, "f1_score": 0.6424242424242425}