{"accuracy": 0.44419642857142855, "precision": 0.44419642857142855, "recall": 1.0, "f1_score": 0.615146831530139}