{"accuracy": 0.621380846325167, "precision": 0.5604838709677419, "recall": 0.695, "f1_score": 0.6205357142857142}