{"accuracy": 0.46205357142857145, "precision": 0.46205357142857145, "recall": 1.0, "f1_score": 0.6320610687022902}