{"accuracy": 0.4799107142857143, "precision": 0.4799107142857143, "recall": 1.0, "f1_score": 0.6485671191553544}